id,value
ideas,
ideas.car,
ideas.car.truck,
ideas.car.suv,
ideas.car.minivan,
ideas.car.bike,
ideas.car.cab,
ideas.car.driver,
ideas.car.tire,
ideas.car.cart,
ideas.car.sidecar,
ideas.car.scooter,
ideas.car.wagon,
ideas.car.train,
ideas.car.windshield,
ideas.car.wheel,
ideas.car.sedan,
ideas.car.motor,
ideas.car.trailer,
ideas.car.bus,
ideas.car.auto,
ideas.car.hovercar,
ideas.truck,
ideas.truck.car,
ideas.truck.cab,
ideas.truck.cart,
ideas.truck.minivan,
ideas.truck.pickup,
ideas.truck.trailer,
ideas.truck.driver,
ideas.truck.taxi,
ideas.truck.bus,
ideas.truck.trolley,
ideas.truck.motor,
ideas.truck.skateboard,
ideas.truck.ride,
ideas.truck.load,
ideas.truck.drive,
ideas.truck.door,
ideas.truck.bicyclist,
ideas.truck.sedan,
ideas.truck.traffic,
ideas.truck.haul,
ideas.downtown,
ideas.downtown.neighborhood,
ideas.downtown.mall,
ideas.downtown.street,
ideas.downtown.campus,
ideas.downtown.metro,
ideas.downtown.highway,
ideas.downtown.transit,
ideas.downtown.suburb,
ideas.downtown.park,
ideas.downtown.station,
ideas.downtown.road,
ideas.downtown.area,
ideas.downtown.loop,
ideas.downtown.subway,
ideas.downtown.sidewalk,
ideas.downtown.district,
ideas.downtown.hub,
ideas.downtown.airport,
ideas.downtown.town,
ideas.downtown.bus,
ideas.town,
ideas.town.suburb,
ideas.town.area,
ideas.town.road,
ideas.town.neighborhood,
ideas.town.district,
ideas.town.church,
ideas.town.river,
ideas.town.downtown,
ideas.town.outskirt,
ideas.town.station,
ideas.town.west,
ideas.town.park,
ideas.town.valley,
ideas.town.peninsula,
ideas.town.depot,
ideas.town.east,
ideas.town.railway,
ideas.town.highway,
ideas.town.north,
ideas.town.street,
ideas.bus,
ideas.bus.tram,
ideas.bus.train,
ideas.bus.taxi,
ideas.bus.trolley,
ideas.bus.transit,
ideas.bus.subway,
ideas.bus.rail,
ideas.bus.metro,
ideas.bus.truck,
ideas.bus.cab,
ideas.bus.monorail,
ideas.bus.streetcar,
ideas.bus.car,
ideas.bus.railway,
ideas.bus.station,
ideas.bus.road,
ideas.bus.airport,
ideas.bus.jitney,
ideas.bus.bike,
ideas.bus.carpool,
ideas.tram,
ideas.tram.bus,
ideas.tram.rail,
ideas.tram.railway,
ideas.tram.train,
ideas.tram.funicular,
ideas.tram.subway,
ideas.tram.transit,
ideas.tram.station,
ideas.tram.traffic,
ideas.tram.car,
ideas.tram.driverless,
ideas.tram.roadway,
ideas.tram.transport,
ideas.tram.road,
ideas.tram.bike,
ideas.tram.taxi,
ideas.tram.airport,
ideas.tram.ride,
ideas.tram.ramp,
ideas.tram.street,
ideas.bike,
ideas.bike.car,
ideas.bike.skateboard,
ideas.bike.segway,
ideas.bike.scooter,
ideas.bike.ride,
ideas.bike.biker,
ideas.bike.cart,
ideas.bike.hoverboard,
ideas.bike.rider,
ideas.bike.ski,
ideas.bike.bus,
ideas.bike.rickshaw,
ideas.bike.pedestrian,
ideas.bike.trolley,
ideas.bike.motor,
ideas.bike.cyclist,
ideas.bike.brake,
ideas.bike.rack,
ideas.bike.boat,
ideas.bike.wheel,
ideas.minivan,
ideas.minivan.sedan,
ideas.minivan.car,
ideas.minivan.truck,
ideas.minivan.pickup,
ideas.minivan.bus,
ideas.minivan.carpool,
ideas.minivan.door,
ideas.minivan.mega,
ideas.minivan.freeway,
ideas.minivan.uber,
ideas.minivan.big,
ideas.minivan.bigger,
ideas.minivan.spot,
ideas.minivan.neighborhood,
ideas.minivan.transport,
ideas.minivan.mode,
ideas.minivan.traffic,
ideas.minivan.back,
ideas.minivan.type,
ideas.minivan.innov,
ideas.suv,
ideas.suv.car,
ideas.suv.cab,
ideas.suv.drive,
ideas.suv.sidecar,
ideas.suv.bus,
ideas.suv.drone,
ideas.suv.energi,
ideas.suv.bullet,
ideas.suv.crash,
ideas.suv.fuel,
ideas.suv.item,
ideas.suv.uber,
ideas.suv.parcel,
ideas.suv.size,
ideas.suv.driven,
ideas.suv.cargo,
ideas.suv.when,
ideas.suv.fit,
ideas.suv.shot,
ideas.suv.harley,
ideas.cab,
ideas.cab.truck,
ideas.cab.car,
ideas.cab.taxi,
ideas.cab.train,
ideas.cab.bus,
ideas.cab.pickup,
ideas.cab.driver,
ideas.cab.suv,
ideas.cab.ride,
ideas.cab.rickshaw,
ideas.cab.window,
ideas.cab.tire,
ideas.cab.lid,
ideas.cab.sidecar,
ideas.cab.bike,
ideas.cab.bullet,
ideas.cab.cart,
ideas.cab.station,
ideas.cab.fare,
ideas.cab.front,
ideas.metro,
ideas.metro.subway,
ideas.metro.downtown,
ideas.metro.rail,
ideas.metro.bus,
ideas.metro.station,
ideas.metro.urban,
ideas.metro.hub,
ideas.metro.train,
ideas.metro.line,
ideas.metro.network,
ideas.metro.neighborhood,
ideas.metro.traffic,
ideas.metro.street,
ideas.metro.arena,
ideas.metro.detroit,
ideas.metro.citi,
ideas.metro.current,
ideas.metro.transport,
ideas.metro.connect,
ideas.metro.area,
ideas.train,
ideas.train.bus,
ideas.train.tram,
ideas.train.freight,
ideas.train.cab,
ideas.train.rail,
ideas.train.trolley,
ideas.train.railway,
ideas.train.car,
ideas.train.ride,
ideas.train.subway,
ideas.train.railroad,
ideas.train.station,
ideas.train.monorail,
ideas.train.line,
ideas.train.taxi,
ideas.train.plane,
ideas.train.traffic,
ideas.train.express,
ideas.train.streetcar,
ideas.train.tunnel,
ideas.trolley,
ideas.trolley.streetcar,
ideas.trolley.bus,
ideas.trolley.subway,
ideas.trolley.rail,
ideas.trolley.train,
ideas.trolley.ride,
ideas.trolley.car,
ideas.trolley.truck,
ideas.trolley.railway,
ideas.trolley.bike,
ideas.trolley.station,
ideas.trolley.roadway,
ideas.trolley.line,
ideas.trolley.pedestrian,
ideas.trolley.fare,
ideas.trolley.street,
ideas.trolley.road,
ideas.trolley.drive,
ideas.trolley.park,
ideas.trolley.neighborhood,
ideas.limo,
ideas.limo.uber,
ideas.limo.baller,
ideas.limo.big,
ideas.limo.want,
ideas.limo.look,
ideas.limo.group,
ideas.limo.peopl,
ideas.station,
ideas.station.depot,
ideas.station.airport,
ideas.station.line,
ideas.station.tunnel,
ideas.station.mall,
ideas.station.railway,
ideas.station.rail,
ideas.station.downtown,
ideas.station.tram,
ideas.station.road,
ideas.station.train,
ideas.station.bus,
ideas.station.loop,
ideas.station.highway,
ideas.station.helipad,
ideas.station.freight,
ideas.station.traffic,
ideas.station.branch,
ideas.station.area,
ideas.station.campus,
ideas.neighborhood,
ideas.neighborhood.downtown,
ideas.neighborhood.suburb,
ideas.neighborhood.area,
ideas.neighborhood.mall,
ideas.neighborhood.district,
ideas.neighborhood.town,
ideas.neighborhood.street,
ideas.neighborhood.campus,
ideas.neighborhood.park,
ideas.neighborhood.freeway,
ideas.neighborhood.parkway,
ideas.neighborhood.roadway,
ideas.neighborhood.corridor,
ideas.neighborhood.portion,
ideas.neighborhood.streetcar,
ideas.neighborhood.church,
ideas.neighborhood.region,
ideas.neighborhood.corner,
ideas.neighborhood.rural,
ideas.neighborhood.landmark,
ideas.suburban,
ideas.suburban.urban,
ideas.suburban.rural,
ideas.suburban.transit,
ideas.suburban.bus,
ideas.suburban.area,
ideas.suburban.subway,
ideas.suburban.road,
ideas.suburban.railway,
ideas.suburban.street,
ideas.suburban.highway,
ideas.suburban.traffic,
ideas.suburban.connect,
ideas.suburban.hill,
ideas.suburban.taxi,
ideas.suburban.outdoor,
ideas.suburban.cab,
ideas.suburban.tunnel,
ideas.suburban.modern,
ideas.suburban.golf,
ideas.suburban.truck,
ideas.suburb,
ideas.suburb.neighborhood,
ideas.suburb.town,
ideas.suburb.area,
ideas.suburb.downtown,
ideas.suburb.park,
ideas.suburb.road,
ideas.suburb.station,
ideas.suburb.branch,
ideas.suburb.church,
ideas.suburb.highway,
ideas.suburb.street,
ideas.suburb.airport,
ideas.suburb.loop,
ideas.suburb.complex,
ideas.suburb.line,
ideas.suburb.central,
ideas.suburb.rail,
ideas.suburb.bus,
ideas.suburb.land,
ideas.suburb.outer,
ideas.wagon,
ideas.wagon.buckboard,
ideas.wagon.car,
ideas.wagon.wheel,
ideas.wagon.rail,
ideas.wagon.horseback,
ideas.wagon.hay,
ideas.wagon.transport,
ideas.wagon.speed,
ideas.wagon.ring,
ideas.wagon.area,
ideas.wagon.outer,
ideas.wagon.travel,
ideas.wagon.quick,
ideas.wagon.rural,
ideas.wagon.shape,
ideas.wagon.use,
ideas.wagon.quadrant,
ideas.wagon.high,
ideas.wagon.live,
ideas.wagon.elev,
ideas.tire,
ideas.tire.car,
ideas.tire.fuel,
ideas.tire.cab,
ideas.tire.gas,
ideas.tire.friction,
ideas.tire.scooter,
ideas.tire.drive,
ideas.tire.back,
ideas.tire.subway,
ideas.tire.speed,
ideas.tire.bus,
ideas.tire.roadway,
ideas.tire.stop,
ideas.tire.rail,
ideas.tire.sidewalk,
ideas.tire.loop,
ideas.tire.taxi,
ideas.tire.chip,
ideas.tire.hovercar,
ideas.tire.track,
