,Synthesized,ID,Solution Set: Group Experienced,,tokens,lemmas,pos_tagged
0,enhanced car,4444470,All persons having two wheelers or four wheelers or both. That time may be very high traffic while travelling. So increasing the road transportation as possible in near future.,,"[All, persons, having, two, wheelers, or, four, wheelers, or, both, That, time, may, be, very, high, traffic, while, travelling, So, increasing, the, road, transportation, as, possible, in, near, future]","['all', 'person', 'have', 'two', 'wheeler', 'or', 'four', 'wheeler', 'or', 'both', 'that', 'time', 'may', 'be', 'very', 'high', 'traffic', 'while', 'travel', 'so', 'increase', 'the', 'road', 'transportation', 'as', 'possible', 'in', 'near', 'future']","[('all', 'DET'), ('person', 'NOUN'), ('two', 'NUM'), ('wheeler', 'NOUN'), ('four', 'NUM'), ('wheeler', 'NOUN'), ('that', 'DET'), ('time', 'NOUN'), ('may', 'VERB'), ('high', 'ADJ'), ('traffic', 'NOUN'), ('travel', 'VERB'), ('so', 'ADV'), ('increase', 'VERB'), ('road', 'NOUN'), ('transportation', 'NOUN'), ('possible', 'ADJ'), ('near', 'ADP'), ('future', 'ADJ')]"
1,self-driving cars,4444486,Autonomous  vehicles that drive themselves on a smart transportation grid.  Need to go somewhere call for a vehicle tyo pick you up. Most local transport can be done without a personal car.,,"[Autonomous,  , vehicles, that, drive, themselves, on, a, smart, transportation, grid,  , Need, to, go, somewhere, call, for, a, vehicle, tyo, pick, you, up, Most, local, transport, can, be, done, without, a, personal, car]","['autonomous', '', 'vehicle', 'that', 'drive', 'themselves', 'on', 'a', 'smart', 'transportation', 'grid', '', 'need', 'to', 'go', 'somewhere', 'call', 'for', 'a', 'vehicle', 'tyo', 'pick', 'you', 'up', 'most', 'local', 'transport', 'can', 'be', 'do', 'without', 'a', 'personal', 'car']","[('autonomous', 'ADJ'), (' ', 'SPACE'), ('vehicle', 'NOUN'), ('drive', 'VERB'), ('smart', 'ADJ'), ('transportation', 'NOUN'), ('grid', 'NOUN'), (' ', 'SPACE'), ('need', 'VERB'), ('go', 'VERB'), ('somewhere', 'ADV'), ('call', 'NOUN'), ('vehicle', 'NOUN'), ('tyo', 'NOUN'), ('pick', 'VERB'), ('most', 'ADV'), ('local', 'ADJ'), ('transport', 'NOUN'), ('do', 'VERB'), ('without', 'ADP'), ('personal', 'ADJ'), ('car', 'NOUN')]"
2,electric vehicle,4444507,electricity is the great discover,,"[electricity, is, the, great, discover]","['electricity', 'be', 'the', 'great', 'discover']","[('electricity', 'NOUN'), ('great', 'ADJ'), ('discover', 'NOUN')]"
3,000noise,4444446,a great discover for human,,"[a, great, discover, for, human]","['a', 'great', 'discover', 'for', 'human']","[('great', 'ADJ'), ('discover', 'NOUN'), ('human', 'ADJ')]"
4,levitation,4444524,Hover boards,,"[Hover, boards]","['hover', 'board']","[('hover', 'PROPN'), ('board', 'NOUN')]"
5,electric vehicle,4444477,An electromagnetic solar powered monorail. Its only a means to replace a standard city beltway people would commute to parking lots and take the rail to the inner city where it would connect with the local subway and bus system for extentability.,,"[An, electromagnetic, solar, powered, monorail, Its, only, a, means, to, replace, a, standard, city, beltway, people, would, commute, to, parking, lots, and, take, the, rail, to, the, inner, city, where, it, would, connect, with, the, local, subway, and, bus, system, for, extentability]","['an', 'electromagnetic', 'solar', 'power', 'monorail', 'its', 'only', 'a', 'mean', 'to', 'replace', 'a', 'standard', 'city', 'beltway', 'people', 'would', 'commute', 'to', 'parking', 'lot', 'and', 'take', 'the', 'rail', 'to', 'the', 'inner', 'city', 'where', 'it', 'would', 'connect', 'with', 'the', 'local', 'subway', 'and', 'bus', 'system', 'for', 'extentability']","[('an', 'DET'), ('electromagnetic', 'ADJ'), ('solar', 'NOUN'), ('power', 'VERB'), ('monorail', 'NOUN'), ('its', 'ADJ'), ('mean', 'NOUN'), ('replace', 'VERB'), ('standard', 'ADJ'), ('city', 'NOUN'), ('beltway', 'NOUN'), ('people', 'NOUN'), ('would', 'VERB'), ('commute', 'VERB'), ('parking', 'NOUN'), ('lot', 'NOUN'), ('take', 'VERB'), ('rail', 'NOUN'), ('inner', 'ADJ'), ('city', 'NOUN'), ('would', 'VERB'), ('connect', 'VERB'), ('local', 'ADJ'), ('subway', 'NOUN'), ('bus', 'NOUN'), ('system', 'NOUN'), ('extentability', 'NOUN')]"
6,service - sharing,4444465,"A traveler uses an app or calls a number to set up a pickup location and destination. An automated taxi picks the traveler up and takes him/her to a hub. The traveler transfers onto a sky train. The sky train is either a fast monorail or a helicopter. The sky train departs to a hub closest to the destination. The traveler gets off and enters another automated taxi, which finishes taking him/her to the destination.",,"[A, traveler, uses, an, app, or, calls, a, number, to, set, up, a, pickup, location, and, destination, An, automated, taxi, picks, the, traveler, up, and, takes, himher, to, a, hub, The, traveler, transfers, onto, a, sky, train, The, sky, train, is, either, a, fast, monorail, or, a, helicopter, The, sky, train, departs, to, a, hub, closest, to, the, destination, The, traveler, gets, off, and, enters, another, automated, taxi, which, finishes, taking, himher, to, the, destination]","['a', 'traveler', 'use', 'an', 'app', 'or', 'call', 'a', 'number', 'to', 'set', 'up', 'a', 'pickup', 'location', 'and', 'destination', 'an', 'automate', 'taxi', 'pick', 'the', 'traveler', 'up', 'and', 'take', 'himher', 'to', 'a', 'hub', 'the', 'traveler', 'transfer', 'onto', 'a', 'sky', 'train', 'the', 'sky', 'train', 'be', 'either', 'a', 'fast', 'monorail', 'or', 'a', 'helicopter', 'the', 'sky', 'train', 'depart', 'to', 'a', 'hub', 'close', 'to', 'the', 'destination', 'the', 'traveler', 'get', 'off', 'and', 'enter', 'another', 'automate', 'taxi', 'which', 'finish', 'take', 'himher', 'to', 'the', 'destination']","[('a', 'DET'), ('traveler', 'NOUN'), ('use', 'VERB'), ('app', 'NOUN'), ('call', 'VERB'), ('number', 'NOUN'), ('set', 'VERB'), ('pickup', 'NOUN'), ('location', 'NOUN'), ('destination', 'NOUN'), ('an', 'DET'), ('automate', 'VERB'), ('taxi', 'NOUN'), ('pick', 'VERB'), ('traveler', 'NOUN'), ('take', 'VERB'), ('himher', 'NOUN'), ('hub', 'NOUN'), ('the', 'DET'), ('traveler', 'NOUN'), ('transfer', 'VERB'), ('onto', 'ADP'), ('sky', 'NOUN'), ('train', 'NOUN'), ('the', 'DET'), ('sky', 'NOUN'), ('train', 'NOUN'), ('either', 'CONJ'), ('fast', 'ADJ'), ('monorail', 'NOUN'), ('helicopter', 'NOUN'), ('the', 'DET'), ('sky', 'NOUN'), ('train', 'NOUN'), ('depart', 'VERB'), ('hub', 'NOUN'), ('close', 'ADJ'), ('destination', 'NOUN'), ('the', 'DET'), ('traveler', 'NOUN'), ('get', 'VERB'), ('enter', 'VERB'), ('another', 'DET'), ('automate', 'VERB'), ('taxi', 'NOUN'), ('finish', 'VERB'), ('take', 'VERB'), ('himher', 'NOUN'), ('destination', 'NOUN')]"
7,service - sharing,4444443,A car sharing system to help with the last leg or mile of transportation from the bus or rail or subway. A system where you have a share or part ownership in a fleet of cars.,,"[A, car, sharing, system, to, help, with, the, last, leg, or, mile, of, transportation, from, the, bus, or, rail, or, subway, A, system, where, you, have, a, share, or, part, ownership, in, a, fleet, of, cars]","['a', 'car', 'sharing', 'system', 'to', 'help', 'with', 'the', 'last', 'leg', 'or', 'mile', 'of', 'transportation', 'from', 'the', 'bus', 'or', 'rail', 'or', 'subway', 'a', 'system', 'where', 'you', 'have', 'a', 'share', 'or', 'part', 'ownership', 'in', 'a', 'fleet', 'of', 'car']","[('a', 'DET'), ('car', 'NOUN'), ('sharing', 'NOUN'), ('system', 'NOUN'), ('help', 'VERB'), ('last', 'ADJ'), ('leg', 'NOUN'), ('mile', 'NOUN'), ('transportation', 'NOUN'), ('bus', 'NOUN'), ('rail', 'NOUN'), ('subway', 'NOUN'), ('a', 'DET'), ('system', 'NOUN'), ('share', 'NOUN'), ('part', 'NOUN'), ('ownership', 'NOUN'), ('fleet', 'NOUN'), ('car', 'NOUN')]"
8,cable,4444442,A cablecar system,,"[A, cablecar, system]","['a', 'cablecar', 'system']","[('a', 'DET'), ('cablecar', 'NOUN'), ('system', 'NOUN')]"
9,flying,4444509,Fly for smart phone,,"[Fly, for, smart, phone]","['fly', 'for', 'smart', 'phone']","[('fly', 'VERB'), ('smart', 'ADJ'), ('phone', 'NOUN')]"
10,000noise,4444520,good,,[good],['good'],"[('good', 'ADJ')]"
11,service - sharing,4444488,"Better GPS, on demand service like Uber but for chores, house work, etc",,"[Better, GPS, on, demand, service, like, Uber, but, for, chores, house, work, etc]","['better', 'gp', 'on', 'demand', 'service', 'like', 'uber', 'but', 'for', 'chore', 'house', 'work', 'etc']","[('better', 'ADV'), ('gp', 'NOUN'), ('demand', 'NOUN'), ('service', 'NOUN'), ('like', 'ADP'), ('uber', 'PROPN'), ('chore', 'NOUN'), ('house', 'NOUN'), ('work', 'NOUN'), ('etc', 'X')]"
12,standard rail system,4444530,"I believe a rail car in the middle of the road would be great to take you from one part of the city to the other. This would obey normal traffic rules, but would be a no to low cost solution to transportation that would also drastically decrease DUI and traffic incidents due to alcohol.",,"[I, believe, a, rail, car, in, the, middle, of, the, road, would, be, great, to, take, you, from, one, part, of, the, city, to, the, other, This, would, obey, normal, traffic, rules, but, would, be, a, no, to, low, cost, solution, to, transportation, that, would, also, drastically, decrease, DUI, and, traffic, incidents, due, to, alcohol]","['i', 'believe', 'a', 'rail', 'car', 'in', 'the', 'middle', 'of', 'the', 'road', 'would', 'be', 'great', 'to', 'take', 'you', 'from', 'one', 'part', 'of', 'the', 'city', 'to', 'the', 'other', 'this', 'would', 'obey', 'normal', 'traffic', 'rule', 'but', 'would', 'be', 'a', 'no', 'to', 'low', 'cost', 'solution', 'to', 'transportation', 'that', 'would', 'also', 'drastically', 'decrease', 'dui', 'and', 'traffic', 'incident', 'due', 'to', 'alcohol']","[('i', 'PRON'), ('believe', 'VERB'), ('rail', 'NOUN'), ('car', 'NOUN'), ('middle', 'NOUN'), ('road', 'NOUN'), ('would', 'VERB'), ('great', 'ADJ'), ('take', 'VERB'), ('one', 'NUM'), ('part', 'NOUN'), ('city', 'NOUN'), ('this', 'DET'), ('would', 'VERB'), ('obey', 'VERB'), ('normal', 'ADJ'), ('traffic', 'NOUN'), ('rule', 'NOUN'), ('would', 'VERB'), ('low', 'ADJ'), ('cost', 'NOUN'), ('solution', 'NOUN'), ('transportation', 'NOUN'), ('would', 'VERB'), ('also', 'ADV'), ('drastically', 'ADV'), ('decrease', 'VERB'), ('dui', 'PROPN'), ('traffic', 'NOUN'), ('incident', 'NOUN'), ('due', 'ADJ'), ('alcohol', 'NOUN')]"
13,electric vehicle,4444461,"A smart car golf cart hybrid, weight relieved and runs on veg oil or electricity. For short trips ie: school,mail box, corner store. Licenced for the road with a top speed of 45mph",,"[A, smart, car, golf, cart, hybrid, weight, relieved, and, runs, on, veg, oil, or, electricity, For, short, trips, ie, schoolmail, box, corner, store, Licenced, for, the, road, with, a, top, speed, of, 45mph]","['a', 'smart', 'car', 'golf', 'cart', 'hybrid', 'weight', 'relieved', 'and', 'run', 'on', 'veg', 'oil', 'or', 'electricity', 'for', 'short', 'trip', 'ie', 'schoolmail', 'box', 'corner', 'store', 'licenced', 'for', 'the', 'road', 'with', 'a', 'top', 'speed', 'of', '45mph']","[('a', 'DET'), ('smart', 'ADJ'), ('car', 'NOUN'), ('golf', 'NOUN'), ('cart', 'NOUN'), ('hybrid', 'ADJ'), ('weight', 'NOUN'), ('relieved', 'ADJ'), ('run', 'VERB'), ('veg', 'ADJ'), ('oil', 'NOUN'), ('electricity', 'NOUN'), ('for', 'ADP'), ('short', 'ADJ'), ('trip', 'NOUN'), ('ie', 'ADJ'), ('schoolmail', 'NOUN'), ('box', 'NOUN'), ('corner', 'NOUN'), ('store', 'NOUN'), ('licenced', 'PROPN'), ('road', 'NOUN'), ('top', 'ADJ'), ('speed', 'NOUN'), ('45mph', 'NUM')]"
14,flying,4444495,Cars with airplane wings!,,"[Cars, with, airplane, wings]","['car', 'with', 'airplane', 'wing']","[('car', 'NOUN'), ('airplane', 'NOUN'), ('wing', 'NOUN')]"
15,electric vehicle,4444475,An electric scooter renting/check in system,,"[An, electric, scooter, rentingcheck, in, system]","['an', 'electric', 'scooter', 'rentingcheck', 'in', 'system']","[('an', 'DET'), ('electric', 'ADJ'), ('scooter', 'NOUN'), ('rentingcheck', 'NOUN'), ('system', 'NOUN')]"
16,flying,4444512,Flying cell phone,,"[Flying, cell, phone]","['fly', 'cell', 'phone']","[('fly', 'VERB'), ('cell', 'NOUN'), ('phone', 'NOUN')]"
17,service - renting,4444519,"Golf cart rental - similar to bike rental, but golf carts can hold families. With a small membership fee, you can rent a golf cart for an hour or a day. Return golf cart back to another station when you're done.",,"[Golf, cart, rental,  , similar, to, bike, rental, but, golf, carts, can, hold, families, With, a, small, membership, fee, you, can, rent, a, golf, cart, for, an, hour, or, a, day, Return, golf, cart, back, to, another, station, when, you, re, done]","['golf', 'cart', 'rental', '', 'similar', 'to', 'bike', 'rental', 'but', 'golf', 'cart', 'can', 'hold', 'family', 'with', 'a', 'small', 'membership', 'fee', 'you', 'can', 'rend', 'a', 'golf', 'cart', 'for', 'an', 'hour', 'or', 'a', 'day', 'return', 'golf', 'cart', 'back', 'to', 'another', 'station', 'when', 'you', 're', 'do']","[('golf', 'ADJ'), ('cart', 'NOUN'), ('rental', 'NOUN'), (' ', 'SPACE'), ('similar', 'ADJ'), ('bike', 'VERB'), ('rental', 'NOUN'), ('golf', 'NOUN'), ('cart', 'NOUN'), ('hold', 'VERB'), ('family', 'NOUN'), ('with', 'ADP'), ('small', 'ADJ'), ('membership', 'NOUN'), ('fee', 'NOUN'), ('rend', 'VERB'), ('golf', 'NOUN'), ('cart', 'NOUN'), ('hour', 'NOUN'), ('day', 'NOUN'), ('return', 'VERB'), ('golf', 'NOUN'), ('cart', 'NOUN'), ('back', 'ADV'), ('another', 'DET'), ('station', 'NOUN'), ('do', 'VERB')]"
18,regulation,4444462,A smart road grid that would integrate with electronic on each vehicle and be able to route traffic flow for the best efficiantly give traffic patterns at a given moment,,"[A, smart, road, grid, that, would, integrate, with, electronic, on, each, vehicle, and, be, able, to, route, traffic, flow, for, the, best, efficiantly, give, traffic, patterns, at, a, given, moment]","['a', 'smart', 'road', 'grid', 'that', 'would', 'integrate', 'with', 'electronic', 'on', 'each', 'vehicle', 'and', 'be', 'able', 'to', 'route', 'traffic', 'flow', 'for', 'the', 'best', 'efficiantly', 'give', 'traffic', 'pattern', 'at', 'a', 'give', 'moment']","[('a', 'DET'), ('smart', 'ADJ'), ('road', 'NOUN'), ('grid', 'NOUN'), ('would', 'VERB'), ('integrate', 'VERB'), ('electronic', 'ADJ'), ('vehicle', 'NOUN'), ('able', 'ADJ'), ('route', 'VERB'), ('traffic', 'NOUN'), ('flow', 'NOUN'), ('best', 'ADJ'), ('efficiantly', 'ADV'), ('give', 'VERB'), ('traffic', 'NOUN'), ('pattern', 'NOUN'), ('give', 'VERB'), ('moment', 'NOUN')]"
19,000noise,4444444,A chalkboard based on the same technology as a Magna-Doodle. No more buying chalk or markers.,,"[A, chalkboard, based, on, the, same, technology, as, a, MagnaDoodle, No, more, buying, chalk, or, markers]","['a', 'chalkboard', 'base', 'on', 'the', 'same', 'technology', 'as', 'a', 'magnadoodle', 'no', 'more', 'buying', 'chalk', 'or', 'marker']","[('a', 'DET'), ('chalkboard', 'NOUN'), ('base', 'VERB'), ('technology', 'NOUN'), ('magnadoodle', 'PROPN'), ('no', 'NOUN'), ('buying', 'NOUN'), ('chalk', 'NOUN'), ('marker', 'NOUN')]"
20,electric vehicle,4444458,"A series of small, 2-seater autonomous electric vehicles designed to transport people, on call, to the regular bus routes that already run.  Think of them as the vehicular solution to the 'last mile problem'. This would allow people to completely dispose of their cars, while allowing people with little mobility to utilize the bus system.  Because the autonomous system is limited to the neighborhood -- i.e. roads where the speed limit is, at a maximum, 25 mph -- the vehicles can be pretty lightweight, since they won't have to deal with the problem of high-speed crashes.  Being autonomous, the vehicles can be used by *anyone* of any age. Because they are electrically powered, they place no additional hydrocarbons in the atmosphere.  Because they are in the neighborhoods, they place the bus system within everyone's reach.  Because everyone can use them, day or night, the number of cars on the road can be reduced substantially, thus reducing the hydrocarbon emission problem considerably.  Reducing the number of cars on the roadways make *every* neighborhood 'walkable': the dream of urban planners everywhere. The vehicles could be assembled and maintained locally, therefore  providing local employment. Funding could come out of already-existing local transportation millages: reducing local pollution rates would increase local property values. A small investment in this innovative solution could result in a large increase of the quality of life for everyone!",,"[A, series, of, small, 2seater, autonomous, electric, vehicles, designed, to, transport, people, on, call, to, the, regular, bus, routes, that, already, run,  , Think, of, them, as, the, vehicular, solution, to, the, last, mile, problem, This, would, allow, people, to, completely, dispose, of, their, cars, while, allowing, people, with, little, mobility, to, utilize, the, bus, system,  , Because, the, autonomous, system, is, limited, to, the, neighborhood,  , ie, roads, where, the, speed, limit, is, at, a, maximum, 25, mph,  , the, vehicles, can, be, pretty, lightweight, since, they, wo, nt, have, to, deal, with, the, problem, of, highspeed, crashes,  , Being, autonomous, the, vehicles, can, be, used, by, anyone, of, any, age, Because, they, are, electrically, powered, they, place, no, additional, hydrocarbons, in, the, atmosphere,  , Because, they, are, in, the, neighborhoods, they, place, the, bus, system, within, everyones, reach,  , Because, everyone, can, use, them, day, or, night, the, number, of, cars, on, the, road, can, be, reduced, substantially, thus, reducing, the, hydrocarbon, emission, problem, considerably,  , Reducing, the, number, of, cars, on, the, roadways, make, every, neighborhood, walkable, the, dream, of, urban, planners, everywhere, The, vehicles, could, be, assembled, and, maintained, locally, therefore,  , providing, local, employment, Funding, could, come, out, of, alreadyexisting, local, transportation, millages, reducing, local, pollution, rates, would, increase, local, property, values, A, small, investment, in, this, innovative, solution, could, result, in, a, large, increase, of, the, quality, of, life, for, everyone]","['a', 'series', 'of', 'small', '2seater', 'autonomous', 'electric', 'vehicle', 'design', 'to', 'transport', 'people', 'on', 'call', 'to', 'the', 'regular', 'bus', 'route', 'that', 'already', 'run', '', 'think', 'of', 'them', 'as', 'the', 'vehicular', 'solution', 'to', 'the', 'last', 'mile', 'problem', 'this', 'would', 'allow', 'people', 'to', 'completely', 'dispose', 'of', 'their', 'car', 'while', 'allow', 'people', 'with', 'little', 'mobility', 'to', 'utilize', 'the', 'bus', 'system', '', 'because', 'the', 'autonomous', 'system', 'be', 'limit', 'to', 'the', 'neighborhood', '', 'ie', 'road', 'where', 'the', 'speed', 'limit', 'be', 'at', 'a', 'maximum', '25', 'mph', '', 'the', 'vehicle', 'can', 'be', 'pretty', 'lightweight', 'since', 'they', 'wo', 'not', 'have', 'to', 'deal', 'with', 'the', 'problem', 'of', 'highspeed', 'crash', '', 'be', 'autonomous', 'the', 'vehicle', 'can', 'be', 'use', 'by', 'anyone', 'of', 'any', 'age', 'because', 'they', 'be', 'electrically', 'power', 'they', 'place', 'no', 'additional', 'hydrocarbon', 'in', 'the', 'atmosphere', '', 'because', 'they', 'be', 'in', 'the', 'neighborhood', 'they', 'place', 'the', 'bus', 'system', 'within', 'everyones', 'reach', '', 'because', 'everyone', 'can', 'use', 'them', 'day', 'or', 'night', 'the', 'number', 'of', 'car', 'on', 'the', 'road', 'can', 'be', 'reduce', 'substantially', 'thus', 'reduce', 'the', 'hydrocarbon', 'emission', 'problem', 'considerably', '', 'reduce', 'the', 'number', 'of', 'car', 'on', 'the', 'roadway', 'make', 'every', 'neighborhood', 'walkable', 'the', 'dream', 'of', 'urban', 'planner', 'everywhere', 'the', 'vehicle', 'could', 'be', 'assemble', 'and', 'maintain', 'locally', 'therefore', '', 'provide', 'local', 'employment', 'funding', 'could', 'come', 'out', 'of', 'alreadyexisting', 'local', 'transportation', 'millages', 'reduce', 'local', 'pollution', 'rate', 'would', 'increase', 'local', 'property', 'value', 'a', 'small', 'investment', 'in', 'this', 'innovative', 'solution', 'could', 'result', 'in', 'a', 'large', 'increase', 'of', 'the', 'quality', 'of', 'life', 'for', 'everyone']","[('a', 'DET'), ('series', 'NOUN'), ('small', 'ADJ'), ('2seater', 'NUM'), ('autonomous', 'ADJ'), ('electric', 'ADJ'), ('vehicle', 'NOUN'), ('design', 'VERB'), ('transport', 'VERB'), ('people', 'NOUN'), ('call', 'NOUN'), ('regular', 'ADJ'), ('bus', 'NOUN'), ('route', 'NOUN'), ('already', 'ADV'), ('run', 'VERB'), (' ', 'SPACE'), ('think', 'NOUN'), ('vehicular', 'ADJ'), ('solution', 'NOUN'), ('last', 'ADJ'), ('mile', 'NOUN'), ('problem', 'NOUN'), ('this', 'DET'), ('would', 'VERB'), ('allow', 'VERB'), ('people', 'NOUN'), ('completely', 'ADV'), ('dispose', 'VERB'), ('car', 'NOUN'), ('allow', 'VERB'), ('people', 'NOUN'), ('little', 'ADJ'), ('mobility', 'NOUN'), ('utilize', 'VERB'), ('bus', 'NOUN'), ('system', 'NOUN'), (' ', 'SPACE'), ('because', 'ADP'), ('autonomous', 'ADJ'), ('system', 'NOUN'), ('limit', 'VERB'), ('neighborhood', 'NOUN'), (' ', 'SPACE'), ('ie', 'X'), ('road', 'NOUN'), ('speed', 'NOUN'), ('limit', 'NOUN'), ('maximum', 'ADJ'), ('25', 'NUM'), ('mph', 'NOUN'), (' ', 'SPACE'), ('vehicle', 'NOUN'), ('pretty', 'ADV'), ('lightweight', 'ADJ'), ('since', 'ADP'), ('wo', 'VERB'), ('not', 'ADV'), ('deal', 'VERB'), ('problem', 'NOUN'), ('highspeed', 'NOUN'), ('crash', 'NOUN'), (' ', 'SPACE'), ('be', 'VERB'), ('autonomous', 'ADJ'), ('vehicle', 'NOUN'), ('use', 'VERB'), ('anyone', 'NOUN'), ('age', 'NOUN'), ('because', 'ADP'), ('electrically', 'ADV'), ('power', 'VERB'), ('place', 'VERB'), ('additional', 'ADJ'), ('hydrocarbon', 'NOUN'), ('atmosphere', 'NOUN'), (' ', 'SPACE'), ('because', 'ADP'), ('neighborhood', 'NOUN'), ('place', 'VERB'), ('bus', 'NOUN'), ('system', 'NOUN'), ('within', 'ADP'), ('everyones', 'NOUN'), ('reach', 'VERB'), (' ', 'SPACE'), ('because', 'ADP'), ('everyone', 'NOUN'), ('use', 'VERB'), ('day', 'NOUN'), ('night', 'NOUN'), ('number', 'NOUN'), ('car', 'NOUN'), ('road', 'NOUN'), ('reduce', 'VERB'), ('substantially', 'ADV'), ('thus', 'ADV'), ('reduce', 'VERB'), ('hydrocarbon', 'NOUN'), ('emission', 'NOUN'), ('problem', 'NOUN'), ('considerably', 'ADV'), (' ', 'SPACE'), ('reduce', 'VERB'), ('number', 'NOUN'), ('car', 'NOUN'), ('roadway', 'NOUN'), ('make', 'VERB'), ('every', 'DET'), ('neighborhood', 'NOUN'), ('walkable', 'VERB'), ('dream', 'NOUN'), ('urban', 'ADJ'), ('planner', 'NOUN'), ('everywhere', 'ADV'), ('the', 'DET'), ('vehicle', 'NOUN'), ('could', 'VERB'), ('assemble', 'VERB'), ('maintain', 'VERB'), ('locally', 'ADV'), ('therefore', 'ADV'), (' ', 'SPACE'), ('provide', 'VERB'), ('local', 'ADJ'), ('employment', 'NOUN'), ('funding', 'NOUN'), ('could', 'VERB'), ('come', 'VERB'), ('alreadyexisting', 'VERB'), ('local', 'ADJ'), ('transportation', 'NOUN'), ('millages', 'NOUN'), ('reduce', 'VERB'), ('local', 'ADJ'), ('pollution', 'NOUN'), ('rate', 'NOUN'), ('would', 'VERB'), ('increase', 'VERB'), ('local', 'ADJ'), ('property', 'NOUN'), ('value', 'NOUN'), ('a', 'DET'), ('small', 'ADJ'), ('investment', 'NOUN'), ('innovative', 'ADJ'), ('solution', 'NOUN'), ('could', 'VERB'), ('result', 'VERB'), ('large', 'ADJ'), ('increase', 'NOUN'), ('quality', 'NOUN'), ('life', 'NOUN'), ('everyone', 'NOUN')]"
21,000noise,4444472,all the vehicles have very important our life.,,"[all, the, vehicles, have, very, important, our, life]","['all', 'the', 'vehicle', 'have', 'very', 'important', 'our', 'life']","[('vehicle', 'NOUN'), ('important', 'ADJ'), ('life', 'NOUN')]"
22,standard rail system,4444491,bullet train running straight up and down the west coast would be super popular.,,"[bullet, train, running, straight, up, and, down, the, west, coast, would, be, super, popular]","['bullet', 'train', 'run', 'straight', 'up', 'and', 'down', 'the', 'west', 'coast', 'would', 'be', 'super', 'popular']","[('bullet', 'NOUN'), ('train', 'NOUN'), ('run', 'VERB'), ('straight', 'ADV'), ('west', 'ADJ'), ('coast', 'NOUN'), ('would', 'VERB'), ('super', 'ADV'), ('popular', 'ADJ')]"
23,flying,4444474,An air based transportation system built on smart drone technology.  The drone would need to be large enough and powerful enough o carry people and goods,,"[An, air, based, transportation, system, built, on, smart, drone, technology,  , The, drone, would, need, to, be, large, enough, and, powerful, enough, o, carry, people, and, goods]","['an', 'air', 'base', 'transportation', 'system', 'build', 'on', 'smart', 'drone', 'technology', '', 'the', 'drone', 'would', 'need', 'to', 'be', 'large', 'enough', 'and', 'powerful', 'enough', 'o', 'carry', 'people', 'and', 'good']","[('an', 'DET'), ('air', 'NOUN'), ('base', 'VERB'), ('transportation', 'NOUN'), ('system', 'NOUN'), ('build', 'VERB'), ('smart', 'ADJ'), ('drone', 'NOUN'), ('technology', 'NOUN'), (' ', 'SPACE'), ('the', 'DET'), ('drone', 'NOUN'), ('would', 'VERB'), ('need', 'VERB'), ('large', 'ADJ'), ('enough', 'ADV'), ('powerful', 'ADJ'), ('enough', 'ADV'), ('carry', 'VERB'), ('people', 'NOUN'), ('good', 'NOUN')]"
24,standard rail system,4444473,Alternative transportation could be taking a trolley that would be the same cost as a local bus .,,"[Alternative, transportation, could, be, taking, a, trolley, that, would, be, the, same, cost, as, a, local, bus]","['alternative', 'transportation', 'could', 'be', 'take', 'a', 'trolley', 'that', 'would', 'be', 'the', 'same', 'cost', 'as', 'a', 'local', 'bus']","[('alternative', 'ADJ'), ('transportation', 'NOUN'), ('could', 'VERB'), ('take', 'VERB'), ('trolley', 'NOUN'), ('would', 'VERB'), ('cost', 'NOUN'), ('local', 'ADJ'), ('bus', 'NOUN')]"
25,standard rail system,4444447,A grid system in which people load and unload off of a small transit rail.,,"[A, grid, system, in, which, people, load, and, unload, off, of, a, small, transit, rail]","['a', 'grid', 'system', 'in', 'which', 'people', 'load', 'and', 'unload', 'off', 'of', 'a', 'small', 'transit', 'rail']","[('a', 'DET'), ('grid', 'NOUN'), ('system', 'NOUN'), ('people', 'NOUN'), ('load', 'VERB'), ('unload', 'VERB'), ('small', 'ADJ'), ('transit', 'NOUN'), ('rail', 'NOUN')]"
26,service - sharing,4444453,"A people mover like in the airport, but in place of regular city sidewalks instead.",,"[A, people, mover, like, in, the, airport, but, in, place, of, regular, city, sidewalks, instead]","['a', 'people', 'mover', 'like', 'in', 'the', 'airport', 'but', 'in', 'place', 'of', 'regular', 'city', 'sidewalk', 'instead']","[('a', 'DET'), ('people', 'NOUN'), ('mover', 'NOUN'), ('like', 'ADP'), ('airport', 'NOUN'), ('place', 'NOUN'), ('regular', 'ADJ'), ('city', 'NOUN'), ('sidewalk', 'NOUN'), ('instead', 'ADV')]"
27,service - sharing,4444499,Combine the new driverless car technology with a bus.  Create an app that people use to communicate with the bus and schedule rides.  The app could track their location and do calculations for where everyone is and wants to go then create the shortest and fastest route.  When there are no more riders the bus could park its self.,,"[Combine, the, new, driverless, car, technology, with, a, bus,  , Create, an, app, that, people, use, to, communicate, with, the, bus, and, schedule, rides,  , The, app, could, track, their, location, and, do, calculations, for, where, everyone, is, and, wants, to, go, then, create, the, shortest, and, fastest, route,  , When, there, are, no, more, riders, the, bus, could, park, its, self]","['combine', 'the', 'new', 'driverless', 'car', 'technology', 'with', 'a', 'bus', '', 'create', 'an', 'app', 'that', 'people', 'use', 'to', 'communicate', 'with', 'the', 'bus', 'and', 'schedule', 'rid', '', 'the', 'app', 'could', 'track', 'their', 'location', 'and', 'do', 'calculation', 'for', 'where', 'everyone', 'be', 'and', 'want', 'to', 'go', 'then', 'create', 'the', 'short', 'and', 'fast', 'route', '', 'when', 'there', 'be', 'no', 'more', 'rider', 'the', 'bus', 'could', 'park', 'its', 'self']","[('combine', 'VERB'), ('new', 'ADJ'), ('driverless', 'ADJ'), ('car', 'NOUN'), ('technology', 'NOUN'), ('bus', 'NOUN'), (' ', 'SPACE'), ('create', 'VERB'), ('app', 'NOUN'), ('people', 'NOUN'), ('use', 'VERB'), ('communicate', 'VERB'), ('bus', 'NOUN'), ('schedule', 'NOUN'), ('rid', 'VERB'), (' ', 'SPACE'), ('the', 'DET'), ('app', 'NOUN'), ('could', 'VERB'), ('track', 'VERB'), ('location', 'NOUN'), ('calculation', 'NOUN'), ('everyone', 'NOUN'), ('want', 'VERB'), ('go', 'VERB'), ('create', 'VERB'), ('short', 'ADJ'), ('fast', 'ADJ'), ('route', 'NOUN'), (' ', 'SPACE'), ('when', 'ADV'), ('rider', 'NOUN'), ('bus', 'NOUN'), ('could', 'VERB'), ('park', 'VERB'), ('self', 'NOUN')]"
28,enhanced car,4444492,Car seats with massagers built in.,,"[Car, seats, with, massagers, built, in]","['car', 'seat', 'with', 'massager', 'build', 'in']","[('car', 'NOUN'), ('seat', 'NOUN'), ('massager', 'NOUN'), ('build', 'VERB')]"
29,cable,4444527,How about a lift service through the air.,,"[How, about, a, lift, service, through, the, air]","['how', 'about', 'a', 'lift', 'service', 'through', 'the', 'air']","[('how', 'ADV'), ('lift', 'NOUN'), ('service', 'NOUN'), ('air', 'NOUN')]"
30,000noise,4444471,all the transport is very very important to our life.,,"[all, the, transport, is, very, very, important, to, our, life]","['all', 'the', 'transport', 'be', 'very', 'very', 'important', 'to', 'our', 'life']","[('transport', 'NOUN'), ('important', 'ADJ'), ('life', 'NOUN')]"
31,000noise,4444504,double decor traines,,"[double, decor, traines]","['double', 'decor', 'traines']","[('double', 'ADJ'), ('decor', 'NOUN'), ('traines', 'NOUN')]"
32,electric vehicle,4444511,Flying cars,,"[Flying, cars]","['fly', 'car']","[('fly', 'VERB'), ('car', 'NOUN')]"
33,service - renting,4444535,"I envision a bike rack where you can check out bikes that also have an electric motor.  You swipe your credit card (or some sort of near field smartphone transaction, etc) and pay a small rental fee.  If the bike is lost or stolen your card will be charged appropriately.  You can ride around the downtown, college campus, etc, and at the end of the day check the bike back into another (or the same) bike rack.",,"[I, envision, a, bike, rack, where, you, can, check, out, bikes, that, also, have, an, electric, motor,  , You, swipe, your, credit, card, or, some, sort, of, near, field, smartphone, transaction, etc, and, pay, a, small, rental, fee,  , If, the, bike, is, lost, or, stolen, your, card, will, be, charged, appropriately,  , You, can, ride, around, the, downtown, college, campus, etc, and, at, the, end, of, the, day, check, the, bike, back, into, another, or, the, same, bike, rack]","['i', 'envision', 'a', 'bike', 'rack', 'where', 'you', 'can', 'check', 'out', 'bike', 'that', 'also', 'have', 'an', 'electric', 'motor', '', 'you', 'swipe', 'your', 'credit', 'card', 'or', 'some', 'sort', 'of', 'near', 'field', 'smartphone', 'transaction', 'etc', 'and', 'pay', 'a', 'small', 'rental', 'fee', '', 'if', 'the', 'bike', 'be', 'lose', 'or', 'steal', 'your', 'card', 'will', 'be', 'charge', 'appropriately', '', 'you', 'can', 'ride', 'around', 'the', 'downtown', 'college', 'campus', 'etc', 'and', 'at', 'the', 'end', 'of', 'the', 'day', 'check', 'the', 'bike', 'back', 'into', 'another', 'or', 'the', 'same', 'bike', 'rack']","[('i', 'PRON'), ('envision', 'VERB'), ('bike', 'NOUN'), ('rack', 'NOUN'), ('check', 'VERB'), ('bike', 'NOUN'), ('also', 'ADV'), ('electric', 'ADJ'), ('motor', 'NOUN'), (' ', 'SPACE'), ('you', 'PRON'), ('swipe', 'VERB'), ('credit', 'NOUN'), ('card', 'NOUN'), ('sort', 'NOUN'), ('near', 'ADJ'), ('field', 'NOUN'), ('smartphone', 'NOUN'), ('transaction', 'NOUN'), ('etc', 'X'), ('pay', 'VERB'), ('small', 'ADJ'), ('rental', 'NOUN'), ('fee', 'NOUN'), (' ', 'SPACE'), ('if', 'ADP'), ('bike', 'NOUN'), ('lose', 'VERB'), ('steal', 'VERB'), ('card', 'NOUN'), ('charge', 'VERB'), ('appropriately', 'ADV'), (' ', 'SPACE'), ('you', 'PRON'), ('ride', 'VERB'), ('around', 'ADP'), ('downtown', 'NOUN'), ('college', 'NOUN'), ('campus', 'NOUN'), ('etc', 'X'), ('end', 'NOUN'), ('day', 'NOUN'), ('check', 'VERB'), ('bike', 'NOUN'), ('back', 'ADV'), ('another', 'DET'), ('bike', 'NOUN'), ('rack', 'NOUN')]"
34,self-driving cars,4444513,"Free parking for self driving cars. Each family could use one car that would drive them around and then go to a designated spot nearby to wait. In it's downtime, it could even act as cab for other people so families could make more money.",,"[Free, parking, for, self, driving, cars, Each, family, could, use, one, car, that, would, drive, them, around, and, then, go, to, a, designated, spot, nearby, to, wait, In, its, downtime, it, could, even, act, as, cab, for, other, people, so, families, could, make, more, money]","['free', 'parking', 'for', 'self', 'drive', 'car', 'each', 'family', 'could', 'use', 'one', 'car', 'that', 'would', 'drive', 'them', 'around', 'and', 'then', 'go', 'to', 'a', 'designate', 'spot', 'nearby', 'to', 'wait', 'in', 'its', 'downtime', 'it', 'could', 'even', 'act', 'as', 'cab', 'for', 'other', 'people', 'so', 'family', 'could', 'make', 'more', 'money']","[('free', 'ADJ'), ('parking', 'NOUN'), ('self', 'NOUN'), ('drive', 'VERB'), ('car', 'NOUN'), ('each', 'DET'), ('family', 'NOUN'), ('could', 'VERB'), ('use', 'VERB'), ('one', 'NUM'), ('car', 'NOUN'), ('would', 'VERB'), ('drive', 'VERB'), ('around', 'ADV'), ('go', 'VERB'), ('designate', 'VERB'), ('spot', 'NOUN'), ('nearby', 'ADV'), ('wait', 'VERB'), ('in', 'ADP'), ('downtime', 'NOUN'), ('could', 'VERB'), ('even', 'ADV'), ('act', 'VERB'), ('cab', 'NOUN'), ('people', 'NOUN'), ('family', 'NOUN'), ('could', 'VERB'), ('make', 'VERB'), ('money', 'NOUN')]"
35,standard rail system,4444478,"An elevated air-tram service that connects to other major transportation options. Since it's above-ground, it can bypass a lot of traffic and one-way streets that plague and slow-down current options.",,"[An, elevated, airtram, service, that, connects, to, other, major, transportation, options, Since, its, aboveground, it, can, bypass, a, lot, of, traffic, and, oneway, streets, that, plague, and, slowdown, current, options]","['an', 'elevated', 'airtram', 'service', 'that', 'connect', 'to', 'other', 'major', 'transportation', 'option', 'since', 'its', 'aboveground', 'it', 'can', 'bypass', 'a', 'lot', 'of', 'traffic', 'and', 'oneway', 'street', 'that', 'plague', 'and', 'slowdown', 'current', 'option']","[('an', 'DET'), ('elevated', 'ADJ'), ('airtram', 'NOUN'), ('service', 'NOUN'), ('connect', 'VERB'), ('major', 'ADJ'), ('transportation', 'NOUN'), ('option', 'NOUN'), ('since', 'ADP'), ('aboveground', 'NOUN'), ('bypass', 'VERB'), ('lot', 'NOUN'), ('traffic', 'NOUN'), ('oneway', 'NOUN'), ('street', 'NOUN'), ('plague', 'VERB'), ('slowdown', 'VERB'), ('current', 'ADJ'), ('option', 'NOUN')]"
36,service - renting,4444460,"A simple bicycle exchange and rental program that works on a library card system. Bicycles are locked up around the city, and there are stations for returning bikes in padlocks. The whole system is operated by swiping a public library card.",,"[A, simple, bicycle, exchange, and, rental, program, that, works, on, a, library, card, system, Bicycles, are, locked, up, around, the, city, and, there, are, stations, for, returning, bikes, in, padlocks, The, whole, system, is, operated, by, swiping, a, public, library, card]","['a', 'simple', 'bicycle', 'exchange', 'and', 'rental', 'program', 'that', 'work', 'on', 'a', 'library', 'card', 'system', 'bicycles', 'be', 'lock', 'up', 'around', 'the', 'city', 'and', 'there', 'be', 'station', 'for', 'return', 'bike', 'in', 'padlock', 'the', 'whole', 'system', 'be', 'operate', 'by', 'swipe', 'a', 'public', 'library', 'card']","[('a', 'DET'), ('simple', 'ADJ'), ('bicycle', 'NOUN'), ('exchange', 'NOUN'), ('rental', 'ADJ'), ('program', 'NOUN'), ('work', 'VERB'), ('library', 'NOUN'), ('card', 'NOUN'), ('system', 'NOUN'), ('bicycles', 'PROPN'), ('lock', 'VERB'), ('around', 'ADP'), ('city', 'NOUN'), ('station', 'NOUN'), ('return', 'VERB'), ('bike', 'NOUN'), ('padlock', 'NOUN'), ('the', 'DET'), ('whole', 'ADJ'), ('system', 'NOUN'), ('operate', 'VERB'), ('swipe', 'VERB'), ('public', 'ADJ'), ('library', 'NOUN'), ('card', 'NOUN')]"
37,standard rail system,4444454,A public bus transport system that will alllow commuters to get from point A to point B. This will allow for citizens to save money and be energy efficient.,,"[A, public, bus, transport, system, that, will, alllow, commuters, to, get, from, point, A, to, point, B, This, will, allow, for, citizens, to, save, money, and, be, energy, efficient]","['a', 'public', 'bus', 'transport', 'system', 'that', 'will', 'alllow', 'commuter', 'to', 'get', 'from', 'point', 'a', 'to', 'point', 'b', 'this', 'will', 'allow', 'for', 'citizen', 'to', 'save', 'money', 'and', 'be', 'energy', 'efficient']","[('a', 'DET'), ('public', 'ADJ'), ('bus', 'NOUN'), ('transport', 'NOUN'), ('system', 'NOUN'), ('alllow', 'VERB'), ('commuter', 'NOUN'), ('get', 'VERB'), ('point', 'NOUN'), ('a', 'NOUN'), ('point', 'NOUN'), ('b', 'NOUN'), ('this', 'DET'), ('allow', 'VERB'), ('citizen', 'NOUN'), ('save', 'VERB'), ('money', 'NOUN'), ('energy', 'NOUN'), ('efficient', 'ADJ')]"
38,enhanced car,4444484,"Automated high-density, elongated cars.",,"[Automated, highdensity, elongated, cars]","['automate', 'highdensity', 'elongated', 'car']","[('automate', 'VERB'), ('highdensity', 'NOUN'), ('elongated', 'ADJ'), ('car', 'NOUN')]"
39,standard rail system,4444441,A bullet train to connect major cities in the state and outside of the state.,,"[A, bullet, train, to, connect, major, cities, in, the, state, and, outside, of, the, state]","['a', 'bullet', 'train', 'to', 'connect', 'major', 'city', 'in', 'the', 'state', 'and', 'outside', 'of', 'the', 'state']","[('a', 'DET'), ('bullet', 'NOUN'), ('train', 'NOUN'), ('connect', 'VERB'), ('major', 'ADJ'), ('city', 'NOUN'), ('state', 'NOUN'), ('outside', 'ADP'), ('state', 'NOUN')]"
40,flying,4444537,I have a transportational idea to use jet packs powered by biofuel.,,"[I, have, a, transportational, idea, to, use, jet, packs, powered, by, biofuel]","['i', 'have', 'a', 'transportational', 'idea', 'to', 'use', 'jet', 'pack', 'power', 'by', 'biofuel']","[('i', 'PRON'), ('transportational', 'ADJ'), ('idea', 'NOUN'), ('use', 'VERB'), ('jet', 'NOUN'), ('pack', 'NOUN'), ('power', 'VERB'), ('biofuel', 'NOUN')]"
41,000noise,4444515,future transportation system in my neighborhood is very important our life.,,"[future, transportation, system, in, my, neighborhood, is, very, important, our, life]","['future', 'transportation', 'system', 'in', 'my', 'neighborhood', 'be', 'very', 'important', 'our', 'life']","[('future', 'ADJ'), ('transportation', 'NOUN'), ('system', 'NOUN'), ('neighborhood', 'NOUN'), ('important', 'ADJ'), ('life', 'NOUN')]"
42,regulation,4444532,"I believe that there should be a police cars that have the ability to take control over other vehicles. For instance, if a criminal is speeding down a highway, then there should be a way to highjack that car in order to ensure the safety for other citizens.",,"[I, believe, that, there, should, be, a, police, cars, that, have, the, ability, to, take, control, over, other, vehicles, For, instance, if, a, criminal, is, speeding, down, a, highway, then, there, should, be, a, way, to, highjack, that, car, in, order, to, ensure, the, safety, for, other, citizens]","['i', 'believe', 'that', 'there', 'should', 'be', 'a', 'police', 'car', 'that', 'have', 'the', 'ability', 'to', 'take', 'control', 'over', 'other', 'vehicle', 'for', 'instance', 'if', 'a', 'criminal', 'be', 'speed', 'down', 'a', 'highway', 'then', 'there', 'should', 'be', 'a', 'way', 'to', 'highjack', 'that', 'car', 'in', 'order', 'to', 'ensure', 'the', 'safety', 'for', 'other', 'citizen']","[('i', 'PRON'), ('believe', 'VERB'), ('police', 'NOUN'), ('car', 'NOUN'), ('ability', 'NOUN'), ('take', 'VERB'), ('control', 'NOUN'), ('vehicle', 'NOUN'), ('for', 'ADP'), ('instance', 'NOUN'), ('criminal', 'NOUN'), ('speed', 'VERB'), ('highway', 'NOUN'), ('way', 'NOUN'), ('highjack', 'VERB'), ('car', 'NOUN'), ('order', 'NOUN'), ('ensure', 'VERB'), ('safety', 'NOUN'), ('citizen', 'NOUN')]"
43,moving surface,4444518,Giant Ice Luge Expressway That could get people from major buildings across town in a matter of minutes without traffic.,,"[Giant, Ice, Luge, Expressway, That, could, get, people, from, major, buildings, across, town, in, a, matter, of, minutes, without, traffic]","['giant', 'ice', 'luge', 'expressway', 'that', 'could', 'get', 'people', 'from', 'major', 'building', 'across', 'town', 'in', 'a', 'matter', 'of', 'minute', 'without', 'traffic']","[('giant', 'PROPN'), ('ice', 'PROPN'), ('luge', 'PROPN'), ('expressway', 'PROPN'), ('that', 'DET'), ('could', 'VERB'), ('get', 'VERB'), ('people', 'NOUN'), ('major', 'ADJ'), ('building', 'NOUN'), ('across', 'ADP'), ('town', 'NOUN'), ('matter', 'NOUN'), ('minute', 'NOUN'), ('without', 'ADP'), ('traffic', 'NOUN')]"
44,access,4444457,A sensor that let's the parent/ driver know that their child's car seat is properly installed,,"[A, sensor, that, lets, the, parent, driver, know, that, their, childs, car, seat, is, properly, installed]","['a', 'sensor', 'that', 'let', 'the', 'parent', 'driver', 'know', 'that', 'their', 'child', 'car', 'seat', 'be', 'properly', 'instal']","[('a', 'DET'), ('sensor', 'NOUN'), ('let', 'VERB'), ('parent', 'NOUN'), ('driver', 'NOUN'), ('know', 'VERB'), ('child', 'NOUN'), ('car', 'NOUN'), ('seat', 'NOUN'), ('properly', 'ADV'), ('instal', 'VERB')]"
45,self-driving cars,4444463,A system with auto mated self driving vehicles powered by cold fusion technology,,"[A, system, with, auto, mated, self, driving, vehicles, powered, by, cold, fusion, technology]","['a', 'system', 'with', 'auto', 'mat', 'self', 'drive', 'vehicle', 'power', 'by', 'cold', 'fusion', 'technology']","[('a', 'DET'), ('system', 'NOUN'), ('auto', 'NOUN'), ('mat', 'VERB'), ('self', 'NOUN'), ('drive', 'VERB'), ('vehicle', 'NOUN'), ('power', 'VERB'), ('cold', 'ADJ'), ('fusion', 'NOUN'), ('technology', 'NOUN')]"
46,standard rail system,4444540,I imagine a world where there are high speed rails all over my neighborhood. People will be travel in public transportation in a fast and effective manner to anywhere they want.,,"[I, imagine, a, world, where, there, are, high, speed, rails, all, over, my, neighborhood, People, will, be, travel, in, public, transportation, in, a, fast, and, effective, manner, to, anywhere, they, want]","['i', 'imagine', 'a', 'world', 'where', 'there', 'be', 'high', 'speed', 'rail', 'all', 'over', 'my', 'neighborhood', 'people', 'will', 'be', 'travel', 'in', 'public', 'transportation', 'in', 'a', 'fast', 'and', 'effective', 'manner', 'to', 'anywhere', 'they', 'want']","[('i', 'PRON'), ('imagine', 'VERB'), ('world', 'NOUN'), ('high', 'ADJ'), ('speed', 'NOUN'), ('rail', 'NOUN'), ('neighborhood', 'NOUN'), ('people', 'NOUN'), ('travel', 'NOUN'), ('public', 'ADJ'), ('transportation', 'NOUN'), ('fast', 'ADJ'), ('effective', 'ADJ'), ('manner', 'NOUN'), ('anywhere', 'ADV'), ('want', 'VERB')]"
47,levitation,4444525,"Hoverboards, such as the one that Tony Hawk endorsed, which use tracks which are magnetized, such as a MagLev train, have tracks going throughout suburbs and cities and we can get around with almost no friction, only air drag and spend less energy getting around.",,"[Hoverboards, such, as, the, one, that, Tony, Hawk, endorsed, which, use, tracks, which, are, magnetized, such, as, a, MagLev, train, have, tracks, going, throughout, suburbs, and, cities, and, we, can, get, around, with, almost, no, friction, only, air, drag, and, spend, less, energy, getting, around]","['hoverboards', 'such', 'as', 'the', 'one', 'that', 'tony', 'hawk', 'endorse', 'which', 'use', 'track', 'which', 'be', 'magnetized', 'such', 'as', 'a', 'maglev', 'train', 'have', 'track', 'go', 'throughout', 'suburb', 'and', 'city', 'and', 'we', 'can', 'get', 'around', 'with', 'almost', 'no', 'friction', 'only', 'air', 'drag', 'and', 'spend', 'less', 'energy', 'get', 'around']","[('hoverboards', 'NOUN'), ('one', 'NOUN'), ('tony', 'PROPN'), ('hawk', 'PROPN'), ('endorse', 'VERB'), ('use', 'NOUN'), ('track', 'NOUN'), ('magnetized', 'ADJ'), ('maglev', 'PROPN'), ('train', 'NOUN'), ('track', 'VERB'), ('go', 'VERB'), ('throughout', 'ADP'), ('suburb', 'NOUN'), ('city', 'NOUN'), ('get', 'VERB'), ('around', 'PART'), ('almost', 'ADV'), ('friction', 'NOUN'), ('air', 'NOUN'), ('drag', 'NOUN'), ('spend', 'VERB'), ('less', 'ADJ'), ('energy', 'NOUN'), ('get', 'VERB'), ('around', 'ADP')]"
48,regulation,4444496,Cell phone teleport,,"[Cell, phone, teleport]","['cell', 'phone', 'teleport']","[('cell', 'NOUN'), ('phone', 'NOUN'), ('teleport', 'NOUN')]"
49,service - renting,4444482,"Apartment complexes that have segway type machines that can be rented out. You can use them to go to the nearby grocery stores, etc, and return after an hour or so.",,"[Apartment, complexes, that, have, segway, type, machines, that, can, be, rented, out, You, can, use, them, to, go, to, the, nearby, grocery, stores, etc, and, return, after, an, hour, or, so]","['apartment', 'complex', 'that', 'have', 'segway', 'type', 'machine', 'that', 'can', 'be', 'rent', 'out', 'you', 'can', 'use', 'them', 'to', 'go', 'to', 'the', 'nearby', 'grocery', 'store', 'etc', 'and', 'return', 'after', 'an', 'hour', 'or', 'so']","[('apartment', 'NOUN'), ('complex', 'NOUN'), ('segway', 'NOUN'), ('type', 'NOUN'), ('machine', 'NOUN'), ('rent', 'VERB'), ('you', 'PRON'), ('use', 'VERB'), ('go', 'VERB'), ('nearby', 'ADJ'), ('grocery', 'NOUN'), ('store', 'NOUN'), ('etc', 'X'), ('return', 'VERB'), ('hour', 'NOUN')]"
